user_input,cited_indices,is_answerable,citation_valid,raw_parse_failed
请问线甘是什么？它怎么让人感到疲劳的？,[1],True,True,False
RAG Embedding在检索中的作用是什么？,"[1, 2]",True,True,False
"How does an embedding model determine the semantic similarity between two phrases, such as ""老王爱吃瓜"" and ""老王喜欢吃瓜""?","[1, 2]",True,True,False
ChromaDB在RAG工作流程中扮演什么角色？,"[1, 2]",True,True,False
"In the context of RAG architecture, what issue arises when chunking the sentence 'I am the programmer 老王, and I love eating melons' into two parts?",[2],True,True,False
RAG到底是什么东西啊，我看那堆文档说它是个妥协策略，是不是就是把文档切碎了然后挑重要的给AI看，这样就能让AI回答更准？但好像也有问题，比如切太碎了会丢失上下文啥的？,[2],True,True,False
那个亚马逊雨林 它是不是在巴西那边啊 那它到底有多大 能告诉我不 我记不住那些国家名字,[1],True,True,False
那个林下层是什么样子的？阳光能照到多少？,[1],True,True,False
德国在亚马逊基金中它出钱是干什么的？那个基金说主要由挪威和德国出资，然后德国出的钱是奖励巴西减少森林砍伐？但是巴西政府换了好多，环境政策变来变去，德国它一直出钱吗？还有森林砍伐驱动因素里养牛、大豆、非法采矿，德国出钱能管住这些吗？,[1],True,True,False
编码器与解码器在结构上有什么主要区别？,[1],True,True,False
Qwen2的RoPE与长上下文遗忘问题之间有什么关系？,"[1, 2, 3]",True,True,False
在Dockferfile中创建非特权用户和进镜像扫描，哪一个是用来减少提权攻击的？,[1],True,True,False
在 Dokcer 中，镜像作为只读蓝图，其分层存储与写时复制机制如何支撑容器作为实例的运行？,"[1, 2]",True,True,False
Docker Swarm和Kubernetes有什么区别？请从配置和生态系统的角度说明。,[],False,True,False
Self-Attention是如何利用Query、Key、Value向量使每个token能够关注其他token的？Multi-Head Attention又是如何通过复制这些组件，让不同的注意力头独立学习到语法、指代、语义等不同关系模式的？,[1],True,True,False
那个亚马逊森林砍伐最多的原因是养牛对吧？但那个地球之肺的说法是不是不准确？那保护它到底有啥用？,"[1, 2]",True,True,False
我看了第一段说自我实现需求是金字塔顶端，人要有现实知觉接纳度自发性和以问题为中心，但第二段又说马斯洛在去世前加了自我超越需求，说自我实现不是终点，那到底马斯洛认为人的最高需求是自我实现还是自我超越？还有第二段说ERG理论有挫折-倒退假设，这跟马斯洛原来的层级刚性有啥不一样？你能不能帮我解释清楚这些理论的关系和区别，特别是自我超越需求跟原来自我实现需求之间的联系？,[1],True,True,False
在卡尔文循环的背景下，Rubisco的双重功能如何影响C3植物碳固定的效率？C4植物和CAM植物又演化出了哪些适应机制来克服这一限制？,[1],True,True,False
如何在PyTorch中查看LayerNorm的权重参数，并在优化器中设置LayerNorm参数不进行权重衰减？,"[2, 3]",True,True,False
根据笔记内容，当后端应用服务器使用Tomcat时，502 Bad Gateway错误和500 Internal Server Error在产生原因和调试方法上有什么区别？请结合笔记中关于Nginx反向代理与Tomcat的关系以及不同错误类型的调试要点进行详细说明。,[1],True,True,False
